measure,location,sex,age,rei,metric,year,val,upper,lower
Summary exposure value,Brazil,Both,Age-standardized,High fasting plasma glucose,Rate,1991,12.594384676673819,14.34596441775486,9.629444306221
Summary exposure value,Paraguay,Both,Age-standardized,High fasting plasma glucose,Rate,1994,9.87961273713338,11.56371226210839,7.46241046273644
Summary exposure value,Uruguay,Both,Age-standardized,High fasting plasma glucose,Rate,1992,6.820143154053671,8.075993027916489,5.13333159802436
Summary exposure value,Guyana,Both,Age-standardized,High fasting plasma glucose,Rate,1992,19.62227668705418,22.12446309664804,15.32150866581945
Summary exposure value,Argentina,Both,Age-standardized,High fasting plasma glucose,Rate,1992,9.03539641340059,10.55651111279949,6.9654107432018595
Summary exposure value,Paraguay,Both,Age-standardized,High fasting plasma glucose,Rate,1997,10.6277873738834,12.492521496653069,7.89052057113165
Summary exposure value,Argentina,Both,Age-standardized,High fasting plasma glucose,Rate,1990,8.78030327850539,10.31259507833287,6.7320301897903505
Summary exposure value,Paraguay,Both,Age-standardized,High fasting plasma glucose,Rate,1992,9.606641503404239,11.34446077858633,7.2658284812604
Summary exposure value,Suriname,Both,Age-standardized,High fasting plasma glucose,Rate,1994,19.52296470016108,22.27858052645606,15.0408966284316
Summary exposure value,Chile,Both,Age-standardized,High fasting plasma glucose,Rate,1990,8.60618646850092,9.975890272952551,6.45955195487823
Summary exposure value,Peru,Both,Age-standardized,High fasting plasma glucose,Rate,1994,6.07890146561627,7.17388221297059,4.61749083895603
Summary exposure value,Peru,Both,Age-standardized,High fasting plasma glucose,Rate,1992,5.95106324666558,7.04689166041586,4.46598878220804
Summary exposure value,Paraguay,Both,Age-standardized,High fasting plasma glucose,Rate,2000,11.52456168430897,13.433913836198219,8.655386431625029
Summary exposure value,Uruguay,Both,Age-standardized,High fasting plasma glucose,Rate,1990,6.60416797634724,7.8191234830893395,4.93674820208604
Summary exposure value,Uruguay,Both,Age-standardized,High fasting plasma glucose,Rate,1991,6.7138781173053,7.96581970162025,5.02433742262426
Summary exposure value,Brazil,Both,Age-standardized,High fasting plasma glucose,Rate,1994,12.959199831966489,14.915361839801692,9.88148241502107
Summary exposure value,Brazil,Both,Age-standardized,High fasting plasma glucose,Rate,1992,12.709776007011332,14.486353306391319,9.75616689201253
Summary exposure value,Uruguay,Both,Age-standardized,High fasting plasma glucose,Rate,1995,7.14789960366897,8.45674033646578,5.3567472809075
Summary exposure value,Paraguay,Both,Age-standardized,High fasting plasma glucose,Rate,1995,10.03960934651594,11.819602005673161,7.5566584388669105
Summary exposure value,Ecuador,Both,Age-standardized,High fasting plasma glucose,Rate,1994,11.05547639971377,12.95792099214822,8.36895723149646
Summary exposure value,Guyana,Both,Age-standardized,High fasting plasma glucose,Rate,1990,19.07789113788751,21.40505234457343,15.062685519365072
Summary exposure value,Argentina,Both,Age-standardized,High fasting plasma glucose,Rate,1995,9.52090122851552,10.93207377113537,7.44217465951254
Summary exposure value,Chile,Both,Age-standardized,High fasting plasma glucose,Rate,1992,9.2114933978567,10.50457103424764,6.924844259905311
Summary exposure value,Suriname,Both,Age-standardized,High fasting plasma glucose,Rate,1990,18.79582304159602,21.60974451930891,14.42654253099902
Summary exposure value,Paraguay,Both,Age-standardized,High fasting plasma glucose,Rate,1990,9.38266423340463,11.18492803950292,7.2122643960292
Summary exposure value,Bolivia (Plurinational State of),Both,Age-standardized,High fasting plasma glucose,Rate,1992,8.67090985271916,9.99229373315592,6.543859710524299
Summary exposure value,Guyana,Both,Age-standardized,High fasting plasma glucose,Rate,1995,20.32576892984729,22.69580838914105,16.004454014785722
Summary exposure value,Venezuela (Bolivarian Republic of),Both,Age-standardized,High fasting plasma glucose,Rate,1997,11.90658480075984,13.532754198679688,9.018990321330019
Summary exposure value,Peru,Both,Age-standardized,High fasting plasma glucose,Rate,1990,5.77398044058236,6.81627618652223,4.3571643929897
Summary exposure value,Ecuador,Both,Age-standardized,High fasting plasma glucose,Rate,1990,10.20464122577026,12.07126900681629,7.61999413097746
Summary exposure value,Peru,Both,Age-standardized,High fasting plasma glucose,Rate,1995,6.12075911302372,7.24767130588239,4.62497441876367
Summary exposure value,Peru,Both,Age-standardized,High fasting plasma glucose,Rate,1991,5.8757197265089305,6.94968510604088,4.41476597598757
Summary exposure value,Bolivia (Plurinational State of),Both,Age-standardized,High fasting plasma glucose,Rate,1990,8.40103686436702,9.74818833099585,6.30931090234907
Summary exposure value,Colombia,Both,Age-standardized,High fasting plasma glucose,Rate,1992,10.54369939537513,11.958707111548721,8.098925778040119
Summary exposure value,Brazil,Both,Age-standardized,High fasting plasma glucose,Rate,1995,13.082867866740338,14.95762894901869,9.96474460278356
Summary exposure value,Uruguay,Both,Age-standardized,High fasting plasma glucose,Rate,1997,7.45020189616101,8.59195341833357,5.59227305137823
Summary exposure value,Brazil,Both,Age-standardized,High fasting plasma glucose,Rate,1990,12.46516903364324,14.16937349424321,9.47917824224304
Summary exposure value,Argentina,Both,Age-standardized,High fasting plasma glucose,Rate,1997,9.95253571861765,11.445141680635269,7.706567011740351
Summary exposure value,Uruguay,Both,Age-standardized,High fasting plasma glucose,Rate,1993,6.91630099963598,8.12600196869369,5.1808781515473505
Summary exposure value,Chile,Both,Age-standardized,High fasting plasma glucose,Rate,1995,10.06077219320596,11.591250362149779,7.72179585578496
Summary exposure value,Suriname,Both,Age-standardized,High fasting plasma glucose,Rate,1992,19.15701460097728,21.89128230863269,14.68119066501474
Summary exposure value,Peru,Both,Age-standardized,High fasting plasma glucose,Rate,1997,6.13627059374078,7.24485426979896,4.69699315502136
Summary exposure value,Bolivia (Plurinational State of),Both,Age-standardized,High fasting plasma glucose,Rate,1995,9.04645232792865,10.532362380157991,6.84694980856637
Summary exposure value,Guyana,Both,Age-standardized,High fasting plasma glucose,Rate,1998,21.21702015569941,23.653692238766848,16.496403100553362
Summary exposure value,Venezuela (Bolivarian Republic of),Both,Age-standardized,High fasting plasma glucose,Rate,1992,11.14512610121629,12.718788553502389,8.545368743650569
Summary exposure value,Colombia,Both,Age-standardized,High fasting plasma glucose,Rate,1990,10.137570168422599,11.65237810650362,7.82302643659414
Summary exposure value,Colombia,Both,Age-standardized,High fasting plasma glucose,Rate,2000,10.98538417806625,12.33027451732589,8.55762442197512
Summary exposure value,Chile,Both,Age-standardized,High fasting plasma glucose,Rate,1997,10.60674979745073,12.20349852200455,8.12967370142703
Summary exposure value,Peru,Both,Age-standardized,High fasting plasma glucose,Rate,1993,6.01213181999701,7.100563276553119,4.56889492162051
Summary exposure value,Guyana,Both,Age-standardized,High fasting plasma glucose,Rate,1993,19.86990072840632,22.28251303248345,15.6471631241613
Summary exposure value,Ecuador,Both,Age-standardized,High fasting plasma glucose,Rate,1992,10.631112900737449,12.49042626231727,8.13434097121622
Summary exposure value,Brazil,Both,Age-standardized,High fasting plasma glucose,Rate,1997,13.37105929537119,15.243289708363438,10.29026082440988
Summary exposure value,Paraguay,Both,Age-standardized,High fasting plasma glucose,Rate,1993,9.72723882630779,11.44702282910848,7.39014326788566
Summary exposure value,Argentina,Both,Age-standardized,High fasting plasma glucose,Rate,1991,8.89554583856388,10.43249136747898,6.84556821318907
Summary exposure value,Paraguay,Both,Age-standardized,High fasting plasma glucose,Rate,1991,9.48521720539822,11.23569673234355,7.185404960345821
Summary exposure value,Venezuela (Bolivarian Republic of),Both,Age-standardized,High fasting plasma glucose,Rate,1990,10.730844425076649,12.29148083045596,8.17138330373556
Summary exposure value,Venezuela (Bolivarian Republic of),Both,Age-standardized,High fasting plasma glucose,Rate,2000,12.32489416118831,13.99020961950356,9.34800622557341
Summary exposure value,Brazil,Both,Age-standardized,High fasting plasma glucose,Rate,1993,12.83120160692044,14.637027930888019,9.79892208907682
Summary exposure value,Bolivia (Plurinational State of),Both,Age-standardized,High fasting plasma glucose,Rate,1993,8.77993398065631,10.17134734049198,6.6146660063132705
Summary exposure value,Chile,Both,Age-standardized,High fasting plasma glucose,Rate,1991,8.90652643288002,10.20177003373116,6.70279905230669
Summary exposure value,Uruguay,Both,Age-standardized,High fasting plasma glucose,Rate,1994,7.022531880099179,8.23004249558199,5.35386099177736
Summary exposure value,Guyana,Both,Age-standardized,High fasting plasma glucose,Rate,1996,20.66952901898748,23.117455520337828,16.27223946337671
Summary exposure value,Colombia,Both,Age-standardized,High fasting plasma glucose,Rate,1995,10.96008821382593,12.345776024880669,8.38457149919596
Summary exposure value,Uruguay,Both,Age-standardized,High fasting plasma glucose,Rate,1996,7.28455580407245,8.473464677371979,5.51410509507144
Summary exposure value,Argentina,Both,Age-standardized,High fasting plasma glucose,Rate,2000,10.79119777831323,12.40903384386024,8.28177673014529
Summary exposure value,Argentina,Both,Age-standardized,High fasting plasma glucose,Rate,1993,9.19400203353589,10.6047508416777,7.1123578309166895
Summary exposure value,Suriname,Both,Age-standardized,High fasting plasma glucose,Rate,1995,19.644925874666512,22.33978220942408,15.115694087356161
Summary exposure value,Suriname,Both,Age-standardized,High fasting plasma glucose,Rate,2002,21.744504820456758,24.68537312849358,16.57827085664669
Summary exposure value,Paraguay,Both,Age-standardized,High fasting plasma glucose,Rate,1998,11.0080801317748,12.91626256851967,8.2802370961087
Summary exposure value,Bolivia (Plurinational State of),Both,Age-standardized,High fasting plasma glucose,Rate,1998,9.579100899861661,11.12244541886722,7.237248505963691
Summary exposure value,Colombia,Both,Age-standardized,High fasting plasma glucose,Rate,1993,10.716795602799289,12.06929494758124,8.23858820866414
Summary exposure value,Guyana,Both,Age-standardized,High fasting plasma glucose,Rate,1994,20.08187528037531,22.32545347285424,15.84621693144065
Summary exposure value,Suriname,Both,Age-standardized,High fasting plasma glucose,Rate,1997,20.019590853974982,22.70540201103805,15.245569328415339
Summary exposure value,Paraguay,Both,Age-standardized,High fasting plasma glucose,Rate,1996,10.28057401145374,12.12175680421744,7.6283925202488
Summary exposure value,Guyana,Both,Age-standardized,High fasting plasma glucose,Rate,1991,19.33987066580589,21.64950303890286,15.28132839872051
Summary exposure value,Colombia,Both,Age-standardized,High fasting plasma glucose,Rate,1998,11.00603913713266,12.33750333747394,8.5526298874549
Summary exposure value,Bolivia (Plurinational State of),Both,Age-standardized,High fasting plasma glucose,Rate,1996,9.20051580669895,10.69178919569866,6.84935240211737
Summary exposure value,Uruguay,Both,Age-standardized,High fasting plasma glucose,Rate,1998,7.60378759436044,8.81372703544605,5.8299213255449
Summary exposure value,Argentina,Both,Age-standardized,High fasting plasma glucose,Rate,1998,10.24035081319143,11.75488693581157,7.86804292987063
Summary exposure value,Ecuador,Both,Age-standardized,High fasting plasma glucose,Rate,1995,11.2818814997474,13.166896147322479,8.64835467505862
Summary exposure value,Suriname,Both,Age-standardized,High fasting plasma glucose,Rate,1991,18.9589532610288,21.75141758879296,14.573784304174369
Summary exposure value,Bolivia (Plurinational State of),Both,Age-standardized,High fasting plasma glucose,Rate,1994,8.91352247373163,10.3325968524312,6.74485056548137
Summary exposure value,Colombia,Both,Age-standardized,High fasting plasma glucose,Rate,1996,11.01504912058273,12.32211524782384,8.45763681016445
Summary exposure value,Venezuela (Bolivarian Republic of),Both,Age-standardized,High fasting plasma glucose,Rate,1993,11.30918004674213,12.88610102789117,8.66055212211124
Summary exposure value,Venezuela (Bolivarian Republic of),Both,Age-standardized,High fasting plasma glucose,Rate,1995,11.60135015268881,13.129173505678759,8.7782958214996
Summary exposure value,Venezuela (Bolivarian Republic of),Both,Age-standardized,High fasting plasma glucose,Rate,1998,12.08973765351888,13.654767795281161,9.18665551517604
Summary exposure value,Chile,Both,Age-standardized,High fasting plasma glucose,Rate,2000,11.46287405357215,13.168631159101752,8.76203493647901
Summary exposure value,Ecuador,Both,Age-standardized,High fasting plasma glucose,Rate,1997,11.69366255359863,13.54631688867604,8.78634148838802
Summary exposure value,Bolivia (Plurinational State of),Both,Age-standardized,High fasting plasma glucose,Rate,1991,8.53022286095636,9.86683091772642,6.34927055108499
Summary exposure value,Ecuador,Both,Age-standardized,High fasting plasma glucose,Rate,2002,12.70550178154655,14.62445629708794,9.6507391301807
Summary exposure value,Colombia,Both,Age-standardized,High fasting plasma glucose,Rate,1994,10.867448111265631,12.30469518034868,8.33930830720573
Summary exposure value,Bolivia (Plurinational State of),Both,Age-standardized,High fasting plasma glucose,Rate,2003,10.532193469157871,12.081709448477369,8.04842353639963
Summary exposure value,Chile,Both,Age-standardized,High fasting plasma glucose,Rate,1993,9.50298765627144,10.9346398772721,7.20042169136222
Summary exposure value,Colombia,Both,Age-standardized,High fasting plasma glucose,Rate,1991,10.360970336799,11.77789871983694,7.94777234000489
Summary exposure value,Paraguay,Both,Age-standardized,High fasting plasma glucose,Rate,2003,11.82090320062766,13.723787023757481,8.96904992965887
Summary exposure value,Guyana,Both,Age-standardized,High fasting plasma glucose,Rate,1999,21.58744160939144,24.15580294776481,16.74693212041167
Summary exposure value,Colombia,Both,Age-standardized,High fasting plasma glucose,Rate,2003,11.15631543773822,12.46225827569658,8.55117218009048
Summary exposure value,Argentina,Both,Age-standardized,High fasting plasma glucose,Rate,1996,9.71373495577139,11.181354671181799,7.54269304869146
Summary exposure value,Venezuela (Bolivarian Republic of),Both,Age-standardized,High fasting plasma glucose,Rate,1996,11.74164029566895,13.35417719706555,8.99070446077399
Summary exposure value,Bolivia (Plurinational State of),Both,Age-standardized,High fasting plasma glucose,Rate,1999,9.72785028459611,11.316496063096421,7.33709627328363
Summary exposure value,Colombia,Both,Age-standardized,High fasting plasma glucose,Rate,1999,10.98420847612447,12.24287434155179,8.42410344835285
Summary exposure value,Chile,Both,Age-standardized,High fasting plasma glucose,Rate,1998,10.89360775113023,12.534924723434878,8.44211151684177
Summary exposure value,Venezuela (Bolivarian Republic of),Both,Age-standardized,High fasting plasma glucose,Rate,2003,12.4501417041499,14.06227004960485,9.45406972016524
Summary exposure value,Peru,Both,Age-standardized,High fasting plasma glucose,Rate,1998,6.1342474329288095,7.273333239530699,4.69888727584314
Summary exposure value,Venezuela (Bolivarian Republic of),Both,Age-standardized,High fasting plasma glucose,Rate,1994,11.448622785578511,12.98630894871817,8.73042037563578
Summary exposure value,Venezuela (Bolivarian Republic of),Both,Age-standardized,High fasting plasma glucose,Rate,1999,12.20768324530449,13.853657474343139,9.33928043623898
Summary exposure value,Ecuador,Both,Age-standardized,High fasting plasma glucose,Rate,1991,10.39288979845113,12.25167165913318,7.9801022053827095
Summary exposure value,Guyana,Both,Age-standardized,High fasting plasma glucose,Rate,2006,23.86107202480152,26.69189202120475,18.55823431255842
Summary exposure value,Peru,Both,Age-standardized,High fasting plasma glucose,Rate,1996,6.13534362998707,7.31234063872372,4.64400108709423
Summary exposure value,Uruguay,Both,Age-standardized,High fasting plasma glucose,Rate,2000,7.9435605652388706,9.23276798810167,6.01239441686088
Summary exposure value,Argentina,Both,Age-standardized,High fasting plasma glucose,Rate,1994,9.36640760248966,10.820071960911,7.25549153773801
Summary exposure value,Venezuela (Bolivarian Republic of),Both,Age-standardized,High fasting plasma glucose,Rate,1991,10.91077396962786,12.50537940473698,8.34124255690353
Summary exposure value,Suriname,Both,Age-standardized,High fasting plasma glucose,Rate,2000,20.786562054592007,23.62813090338609,15.735772313261782
Summary exposure value,Brazil,Both,Age-standardized,High fasting plasma glucose,Rate,1998,13.56517326774255,15.42439834377366,10.443207625538859
Summary exposure value,Chile,Both,Age-standardized,High fasting plasma glucose,Rate,1996,10.3346655263492,11.91999471985274,7.84868853982794
Summary exposure value,Peru,Both,Age-standardized,High fasting plasma glucose,Rate,2000,6.188941851457249,7.348188783133381,4.76664336886459
Summary exposure value,Brazil,Both,Age-standardized,High fasting plasma glucose,Rate,1996,13.210707116864079,15.161142290762891,10.09622062285386
Summary exposure value,Bolivia (Plurinational State of),Both,Age-standardized,High fasting plasma glucose,Rate,2006,11.103184543714601,12.787528292934661,8.34757981151305
Summary exposure value,Guyana,Both,Age-standardized,High fasting plasma glucose,Rate,2001,22.32338807319996,24.833079724051018,17.507927513613268
Summary exposure value,Suriname,Both,Age-standardized,High fasting plasma glucose,Rate,1998,20.27127068072897,23.12078036644711,15.385764180948131
Summary exposure value,Suriname,Both,Age-standardized,High fasting plasma glucose,Rate,1993,19.34180698840713,22.0063366916757,14.84351509809024
Summary exposure value,Argentina,Both,Age-standardized,High fasting plasma glucose,Rate,2005,11.99780422680379,13.763183446348808,9.14020648071429
Summary exposure value,Paraguay,Both,Age-standardized,High fasting plasma glucose,Rate,2001,11.642061959976251,13.55627564677199,8.79141810948572
Summary exposure value,Ecuador,Both,Age-standardized,High fasting plasma glucose,Rate,2000,12.12796546050507,14.06434027024657,9.29112478115194
Summary exposure value,Chile,Both,Age-standardized,High fasting plasma glucose,Rate,1994,9.78880446752636,11.2992236353479,7.4725203612203
Summary exposure value,Brazil,Both,Age-standardized,High fasting plasma glucose,Rate,2000,13.927330299732398,15.880416408408829,10.66499015312151
Summary exposure value,Argentina,Both,Age-standardized,High fasting plasma glucose,Rate,2001,11.05272848367197,12.73922301657137,8.44192478599361
Summary exposure value,Argentina,Both,Age-standardized,High fasting plasma glucose,Rate,2003,11.54155704448687,13.223601285367911,8.81076875108325
Summary exposure value,Ecuador,Both,Age-standardized,High fasting plasma glucose,Rate,1998,11.87607290530625,13.70051974794359,8.91600776471739
Summary exposure value,Chile,Both,Age-standardized,High fasting plasma glucose,Rate,2005,12.993458113312201,14.95758609095435,9.83908474698508
Summary exposure value,Ecuador,Both,Age-standardized,High fasting plasma glucose,Rate,1993,10.81497899252526,12.66177055721963,8.25368139979523
Summary exposure value,Suriname,Both,Age-standardized,High fasting plasma glucose,Rate,1996,19.79328681002297,22.48170546328657,14.9755153531515
Summary exposure value,Colombia,Both,Age-standardized,High fasting plasma glucose,Rate,2006,11.26081738162581,12.58902420106798,8.646125476554339
Summary exposure value,Uruguay,Both,Age-standardized,High fasting plasma glucose,Rate,2003,8.580221676641,9.89906126762493,6.528458225885981
Summary exposure value,Argentina,Both,Age-standardized,High fasting plasma glucose,Rate,1999,10.523029554435661,12.04475218715987,8.10923319394513
Summary exposure value,Brazil,Both,Age-standardized,High fasting plasma glucose,Rate,2005,14.97706261101102,17.08391575486494,11.439150340122541
Summary exposure value,Chile,Both,Age-standardized,High fasting plasma glucose,Rate,2003,12.43061009527357,14.2998887193375,9.48757299646595
Summary exposure value,Guyana,Both,Age-standardized,High fasting plasma glucose,Rate,1997,20.97882851321426,23.47809736383079,16.33048158820393
Summary exposure value,Chile,Both,Age-standardized,High fasting plasma glucose,Rate,2001,11.765541529344251,13.55030781520045,8.99748455789076
Summary exposure value,Guyana,Both,Age-standardized,High fasting plasma glucose,Rate,2000,21.91945111394627,24.473492434626053,17.15931378316778
Summary exposure value,Ecuador,Both,Age-standardized,High fasting plasma glucose,Rate,1996,11.44715481376095,13.27502900353634,8.66803104901525
Summary exposure value,Bolivia (Plurinational State of),Both,Age-standardized,High fasting plasma glucose,Rate,2001,10.1370781534696,11.66822169784779,7.739667292525381
Summary exposure value,Chile,Both,Age-standardized,High fasting plasma glucose,Rate,1999,11.18054709185986,12.85059787304443,8.54975247557984
Summary exposure value,Argentina,Both,Age-standardized,High fasting plasma glucose,Rate,2008,12.646044782146939,14.655108384685638,9.72782059499559
Summary exposure value,Bolivia (Plurinational State of),Both,Age-standardized,High fasting plasma glucose,Rate,1997,9.40281899111078,10.899962280021951,7.0693214867108
Summary exposure value,Colombia,Both,Age-standardized,High fasting plasma glucose,Rate,1997,11.02280196413799,12.433981765530019,8.54763108471214
Summary exposure value,Uruguay,Both,Age-standardized,High fasting plasma glucose,Rate,2001,8.1483988543041,9.38275265363831,6.138670461708539
Summary exposure value,Suriname,Both,Age-standardized,High fasting plasma glucose,Rate,2010,25.013322308297596,28.285617773936078,18.974903967848693
Summary exposure value,Argentina,Both,Age-standardized,High fasting plasma glucose,Rate,2002,11.29541072847864,13.03708046103912,8.66596023773802
Summary exposure value,Colombia,Both,Age-standardized,High fasting plasma glucose,Rate,2001,11.03651882177091,12.32176951783062,8.56465592882387
Summary exposure value,Suriname,Both,Age-standardized,High fasting plasma glucose,Rate,2005,23.30506338979532,26.294266693191297,17.61915799620347
Summary exposure value,Venezuela (Bolivarian Republic of),Both,Age-standardized,High fasting plasma glucose,Rate,2006,12.7117918287286,14.33112501521224,9.8022348950268
Summary exposure value,Guyana,Both,Age-standardized,High fasting plasma glucose,Rate,2004,23.28329742154241,26.029983489868858,18.087370605449323
Summary exposure value,Bolivia (Plurinational State of),Both,Age-standardized,High fasting plasma glucose,Rate,2000,9.938399282900031,11.46568344848849,7.590343338669631
Summary exposure value,Argentina,Both,Age-standardized,High fasting plasma glucose,Rate,2006,12.215431096366169,14.002782582001291,9.309365213537669
Summary exposure value,Ecuador,Both,Age-standardized,High fasting plasma glucose,Rate,2010,13.840588144324458,15.638503738031831,10.79945354595141
Summary exposure value,Chile,Both,Age-standardized,High fasting plasma glucose,Rate,2008,13.58913209991969,15.574099437844069,10.25715976272517
Summary exposure value,Peru,Both,Age-standardized,High fasting plasma glucose,Rate,2003,6.50262922696647,7.72863605902927,5.04740239477828
Summary exposure value,Argentina,Both,Age-standardized,High fasting plasma glucose,Rate,2004,11.74430922992693,13.43147936088768,9.00647458412033
Summary exposure value,Ecuador,Both,Age-standardized,High fasting plasma glucose,Rate,2005,13.064131913618821,15.01304471157523,10.05082806707563
Summary exposure value,Chile,Both,Age-standardized,High fasting plasma glucose,Rate,2002,12.08006069795546,13.85603954820721,9.22827159979112
Summary exposure value,Suriname,Both,Age-standardized,High fasting plasma glucose,Rate,2003,22.29833826553217,25.243352597372798,16.82037940870834
Summary exposure value,Bolivia (Plurinational State of),Both,Age-standardized,High fasting plasma glucose,Rate,2004,10.72170130471375,12.24773500660577,8.073311468507779
Summary exposure value,Suriname,Both,Age-standardized,High fasting plasma glucose,Rate,1999,20.54867729661298,23.33928708586463,15.661752961617811
Summary exposure value,Peru,Both,Age-standardized,High fasting plasma glucose,Rate,2001,6.25446399662711,7.41702730748845,4.85580311002582
Summary exposure value,Guyana,Both,Age-standardized,High fasting plasma glucose,Rate,2009,24.71175461935491,27.58901315034963,19.15981713061363
Summary exposure value,Chile,Both,Age-standardized,High fasting plasma glucose,Rate,2006,13.20037575348728,15.13990290637711,9.95636908520636
Summary exposure value,Bolivia (Plurinational State of),Both,Age-standardized,High fasting plasma glucose,Rate,2009,11.61392174661875,13.449053688340202,8.78534276962465
Summary exposure value,Colombia,Both,Age-standardized,High fasting plasma glucose,Rate,2009,11.55602154424857,12.870281131117109,8.819580983048871
Summary exposure value,Colombia,Both,Age-standardized,High fasting plasma glucose,Rate,2004,11.210180270313321,12.56105021910264,8.68521408298718
Summary exposure value,Venezuela (Bolivarian Republic of),Both,Age-standardized,High fasting plasma glucose,Rate,2004,12.42346044445482,14.12867834004051,9.62384285041831
Summary exposure value,Suriname,Both,Age-standardized,High fasting plasma glucose,Rate,2008,24.27925564846699,27.45709387910329,18.37897784739762
Summary exposure value,Ecuador,Both,Age-standardized,High fasting plasma glucose,Rate,2003,12.921890340942149,14.79230952402065,9.92268895739657
Summary exposure value,Chile,Both,Age-standardized,High fasting plasma glucose,Rate,2004,12.690806907281479,14.63137978315728,9.63594096601778
Summary exposure value,Venezuela (Bolivarian Republic of),Both,Age-standardized,High fasting plasma glucose,Rate,2009,13.46379640481034,15.141538238952428,10.2867369980941
Summary exposure value,Suriname,Both,Age-standardized,High fasting plasma glucose,Rate,2001,21.16996733406226,23.92215693710617,15.99671919810122
Summary exposure value,Ecuador,Both,Age-standardized,High fasting plasma glucose,Rate,1999,11.94460325368398,13.86663076071026,9.02284167943356
Summary exposure value,Paraguay,Both,Age-standardized,High fasting plasma glucose,Rate,2006,12.09906003567832,14.07083035517331,9.29856893499833
Summary exposure value,Uruguay,Both,Age-standardized,High fasting plasma glucose,Rate,1999,7.77075994981592,9.058093830087929,5.9127602397592005
Summary exposure value,Brazil,Both,Age-standardized,High fasting plasma glucose,Rate,2003,14.53759217902765,16.61972406529795,11.02715111553793
Summary exposure value,Ecuador,Both,Age-standardized,High fasting plasma glucose,Rate,2008,13.59897121887334,15.332402853988631,10.48185528787924
Summary exposure value,Suriname,Both,Age-standardized,High fasting plasma glucose,Rate,2006,23.60552957123105,26.66188864057647,18.06795581008238
Summary exposure value,Brazil,Both,Age-standardized,High fasting plasma glucose,Rate,2001,14.11707966122256,16.15232822000911,10.821004586591899
Summary exposure value,Uruguay,Both,Age-standardized,High fasting plasma glucose,Rate,2006,9.19206900072794,10.674614871007421,6.919907255580671
Summary exposure value,Venezuela (Bolivarian Republic of),Both,Age-standardized,High fasting plasma glucose,Rate,2001,12.44926293794917,14.0675837132927,9.497098410705659
Summary exposure value,Ecuador,Both,Age-standardized,High fasting plasma glucose,Rate,2001,12.4256464670184,14.334897690442139,9.4304589984694
Summary exposure value,Argentina,Both,Age-standardized,High fasting plasma glucose,Rate,2013,13.614011458791381,15.664958756733242,10.286701517006799
Summary exposure value,Suriname,Both,Age-standardized,High fasting plasma glucose,Rate,2004,22.84587204661878,25.6031067875584,17.22756039964497
Summary exposure value,Paraguay,Both,Age-standardized,High fasting plasma glucose,Rate,1999,11.32509865295363,13.24370712959356,8.518730518904661
Summary exposure value,Argentina,Both,Age-standardized,High fasting plasma glucose,Rate,2011,13.18106141749299,15.18211462798715,10.08896886084265
Summary exposure value,Argentina,Both,Age-standardized,High fasting plasma glucose,Rate,2007,12.434836126047651,14.388132190326669,9.45724138773346
Summary exposure value,Peru,Both,Age-standardized,High fasting plasma glucose,Rate,1999,6.14276780195109,7.28699467030465,4.76041625300543
Summary exposure value,Guyana,Both,Age-standardized,High fasting plasma glucose,Rate,2002,22.74254882319498,25.34649000297562,17.66698056548975
Summary exposure value,Argentina,Both,Age-standardized,High fasting plasma glucose,Rate,2009,12.840677698789879,14.88723347936087,9.912899157696401
Summary exposure value,Ecuador,Both,Age-standardized,High fasting plasma glucose,Rate,2006,13.21458269348475,15.04289580955415,10.179199012521831
Summary exposure value,Bolivia (Plurinational State of),Both,Age-standardized,High fasting plasma glucose,Rate,2002,10.33024409891579,11.89079116715625,7.877065293942059
Summary exposure value,Chile,Both,Age-standardized,High fasting plasma glucose,Rate,2013,14.563753969652671,16.57728146116623,10.93559884125641
Summary exposure value,Ecuador,Both,Age-standardized,High fasting plasma glucose,Rate,2004,12.968286142958272,14.799890912241901,10.02152168006484
Summary exposure value,Brazil,Both,Age-standardized,High fasting plasma glucose,Rate,1999,13.763367019916938,15.699934328151329,10.58080198853504
Summary exposure value,Guyana,Both,Age-standardized,High fasting plasma glucose,Rate,2007,24.17337590399441,27.099005601045974,18.91839024621577
Summary exposure value,Colombia,Both,Age-standardized,High fasting plasma glucose,Rate,2002,11.08948938818663,12.39853676216747,8.55238935097324
Summary exposure value,Paraguay,Both,Age-standardized,High fasting plasma glucose,Rate,2004,11.88287299621752,13.86750257184208,9.00912572955929
Summary exposure value,Chile,Both,Age-standardized,High fasting plasma glucose,Rate,2011,14.14034490930006,16.07890148967524,10.57664987821665
Summary exposure value,Chile,Both,Age-standardized,High fasting plasma glucose,Rate,2009,13.768288549244659,15.78242835981252,10.41478191951095
Summary exposure value,Bolivia (Plurinational State of),Both,Age-standardized,High fasting plasma glucose,Rate,2007,11.29406931196012,13.03497986082102,8.552418001974809
Summary exposure value,Chile,Both,Age-standardized,High fasting plasma glucose,Rate,2007,13.415971566630361,15.34881117035872,10.12509953530163
Summary exposure value,Venezuela (Bolivarian Republic of),Both,Age-standardized,High fasting plasma glucose,Rate,2002,12.50602287752138,14.11629647473952,9.46787812929254
Summary exposure value,Colombia,Both,Age-standardized,High fasting plasma glucose,Rate,2007,11.3158509793863,12.56134898806462,8.59048032405855
Summary exposure value,Venezuela (Bolivarian Republic of),Both,Age-standardized,High fasting plasma glucose,Rate,2007,12.981087498066149,14.630148026007511,9.90207350365734
Summary exposure value,Argentina,Both,Age-standardized,High fasting plasma glucose,Rate,2016,14.227671722470939,16.29375183901215,10.77999010790799
Summary exposure value,Suriname,Both,Age-standardized,High fasting plasma glucose,Rate,2018,27.77655251061177,31.68564737886231,20.96893493069743
Summary exposure value,Peru,Both,Age-standardized,High fasting plasma glucose,Rate,2008,7.2243730230376295,8.50228711260687,5.71494807763121
Summary exposure value,Suriname,Both,Age-standardized,High fasting plasma glucose,Rate,2013,26.218313102496708,29.788196293391948,19.83214397271813
Summary exposure value,Peru,Both,Age-standardized,High fasting plasma glucose,Rate,2006,6.9189513931813496,8.185171302642589,5.43359366678699
Summary exposure value,Argentina,Both,Age-standardized,High fasting plasma glucose,Rate,2014,13.831139305718022,15.792557891051759,10.51982453798432
Summary exposure value,Brazil,Both,Age-standardized,High fasting plasma glucose,Rate,2006,15.218128480431359,17.40234088881776,11.58361723833824
Summary exposure value,Paraguay,Both,Age-standardized,High fasting plasma glucose,Rate,2009,12.72001225067897,14.88736604670255,9.70895122669936
Summary exposure value,Chile,Both,Age-standardized,High fasting plasma glucose,Rate,2016,15.00611935285468,17.09601394203503,11.23360049464808
Summary exposure value,Guyana,Both,Age-standardized,High fasting plasma glucose,Rate,2005,23.58168097575919,26.51607038972011,18.23151338859545
Summary exposure value,Suriname,Both,Age-standardized,High fasting plasma glucose,Rate,2011,25.417031086339193,28.721299297938117,19.20148784752603
Summary exposure value,Suriname,Both,Age-standardized,High fasting plasma glucose,Rate,2009,24.617086248517868,27.81731335484279,18.56245713014909
Summary exposure value,Ecuador,Both,Age-standardized,High fasting plasma glucose,Rate,2018,16.23958839396745,18.40497717035137,12.52887477987977
Summary exposure value,Suriname,Both,Age-standardized,High fasting plasma glucose,Rate,2007,23.93789006257553,27.015695251215938,18.19702221030019
Summary exposure value,Brazil,Both,Age-standardized,High fasting plasma glucose,Rate,2008,15.73443461163006,17.90913206898096,11.92541943493143
Summary exposure value,Paraguay,Both,Age-standardized,High fasting plasma glucose,Rate,2007,12.25929143000207,14.34546333701087,9.344678718148
Summary exposure value,Ecuador,Both,Age-standardized,High fasting plasma glucose,Rate,2013,14.9805678839741,16.86098930696773,11.64017146178532
Summary exposure value,Chile,Both,Age-standardized,High fasting plasma glucose,Rate,2014,14.7615412760417,16.78417082568856,11.0299242964963
Summary exposure value,Argentina,Both,Age-standardized,High fasting plasma glucose,Rate,2010,12.985809181263289,15.02623663687525,9.93643580854676
Summary exposure value,Uruguay,Both,Age-standardized,High fasting plasma glucose,Rate,2007,9.39915384746295,10.832560168994,7.036140267549309
Summary exposure value,Ecuador,Both,Age-standardized,High fasting plasma glucose,Rate,2011,14.19662974481059,16.08048330877232,11.094881542794461
Summary exposure value,Argentina,Both,Age-standardized,High fasting plasma glucose,Rate,2012,13.40810355037835,15.52837229078892,10.25268043949987
Summary exposure value,Ecuador,Both,Age-standardized,High fasting plasma glucose,Rate,2009,13.674134428709761,15.40711382662399,10.66952747393973
Summary exposure value,Uruguay,Both,Age-standardized,High fasting plasma glucose,Rate,2004,8.78656273496633,10.21729071407217,6.746811542189681
Summary exposure value,Bolivia (Plurinational State of),Both,Age-standardized,High fasting plasma glucose,Rate,2005,10.90395608866293,12.61626173906055,8.18486660461221
Summary exposure value,Ecuador,Both,Age-standardized,High fasting plasma glucose,Rate,2007,13.43137476474212,15.16884633210097,10.38127811493298
Summary exposure value,Colombia,Both,Age-standardized,High fasting plasma glucose,Rate,2005,11.236921367386959,12.55450598421071,8.67067464164815
Summary exposure value,Suriname,Both,Age-standardized,High fasting plasma glucose,Rate,2016,27.201554980034793,30.96559798999388,20.699363757160498
Summary exposure value,Paraguay,Both,Age-standardized,High fasting plasma glucose,Rate,2002,11.74584583483925,13.64849122268251,8.870097871785081
Summary exposure value,Chile,Both,Age-standardized,High fasting plasma glucose,Rate,2010,13.944915405203808,15.96399796676221,10.494379156954189
Summary exposure value,Peru,Both,Age-standardized,High fasting plasma glucose,Rate,2007,7.066545375395069,8.27094705586435,5.55420369559286
Summary exposure value,Argentina,Both,Age-standardized,High fasting plasma glucose,Rate,2019,14.67278349209416,16.75437622936293,11.14365308571596
Summary exposure value,Argentina,Both,Age-standardized,High fasting plasma glucose,Rate,2017,14.38031531320696,16.404103028344142,10.91431154052661
Summary exposure value,Argentina,Both,Age-standardized,High fasting plasma glucose,Rate,2021,15.201731698382101,17.43030034888453,11.529831796309841
Summary exposure value,Guyana,Both,Age-standardized,High fasting plasma glucose,Rate,2008,24.43772282020224,27.46961676603185,18.956865458255688
Summary exposure value,Chile,Both,Age-standardized,High fasting plasma glucose,Rate,2012,14.346792707061558,16.32740114353382,10.862129273684321
Summary exposure value,Venezuela (Bolivarian Republic of),Both,Age-standardized,High fasting plasma glucose,Rate,2005,12.50539891758739,14.24095323488693,9.683134827993701
Summary exposure value,Chile,Both,Age-standardized,High fasting plasma glucose,Rate,2019,15.300016810049518,17.663432885901813,11.437289476618439
Summary exposure value,Bolivia (Plurinational State of),Both,Age-standardized,High fasting plasma glucose,Rate,2008,11.45556588863219,13.299723872218848,8.66684976178757
Summary exposure value,Argentina,Both,Age-standardized,High fasting plasma glucose,Rate,2015,14.05322500873373,16.10412549118066,10.698749187879809
Summary exposure value,Uruguay,Both,Age-standardized,High fasting plasma glucose,Rate,2002,8.35669504767137,9.68792347889279,6.31903295257307
Summary exposure value,Ecuador,Both,Age-standardized,High fasting plasma glucose,Rate,2016,15.70884243470717,17.66269458190467,12.23406679796525
Summary exposure value,Suriname,Both,Age-standardized,High fasting plasma glucose,Rate,2014,26.51356325865168,30.17896193824664,20.15637793162632
Summary exposure value,Brazil,Both,Age-standardized,High fasting plasma glucose,Rate,2007,15.46744116996123,17.62037952480377,11.71798030843598
Summary exposure value,Chile,Both,Age-standardized,High fasting plasma glucose,Rate,2017,15.09941919195493,17.3416650928154,11.25526235760014
Summary exposure value,Guyana,Both,Age-standardized,High fasting plasma glucose,Rate,2012,25.452133625048667,28.569083461231358,19.71987282641855
Summary exposure value,Chile,Both,Age-standardized,High fasting plasma glucose,Rate,2021,15.91927303136761,18.48087300665868,11.97918223681958
Summary exposure value,Colombia,Both,Age-standardized,High fasting plasma glucose,Rate,2008,11.43627569677177,12.833918176295638,8.71949450890926
Summary exposure value,Suriname,Both,Age-standardized,High fasting plasma glucose,Rate,2012,25.84015240178114,29.284930644245733,19.60263002584785
Summary exposure value,Peru,Both,Age-standardized,High fasting plasma glucose,Rate,2004,6.64761730363718,7.8343363317894,5.19130104304611
Summary exposure value,Paraguay,Both,Age-standardized,High fasting plasma glucose,Rate,2012,13.45807926247589,15.60182527581302,10.29216009339511
Summary exposure value,Uruguay,Both,Age-standardized,High fasting plasma glucose,Rate,2011,10.14340026529195,11.57667075252356,7.7675288609897
Summary exposure value,Uruguay,Both,Age-standardized,High fasting plasma glucose,Rate,2005,8.98932687353025,10.40241260564119,6.807274932163041
Summary exposure value,Ecuador,Both,Age-standardized,High fasting plasma glucose,Rate,2014,15.17885695385089,17.03280039223533,11.82857712483926
Summary exposure value,Bolivia (Plurinational State of),Both,Age-standardized,High fasting plasma glucose,Rate,2012,12.28236465975273,14.22022533577707,9.09297690536009
Summary exposure value,Guyana,Both,Age-standardized,High fasting plasma glucose,Rate,2003,23.05083871347144,25.71351906738429,17.77669690149526
Summary exposure value,Suriname,Both,Age-standardized,High fasting plasma glucose,Rate,2019,27.970275326692377,32.03147588139022,21.19922619303367
Summary exposure value,Venezuela (Bolivarian Republic of),Both,Age-standardized,High fasting plasma glucose,Rate,2008,13.239095490868669,14.890269316820989,10.18324363545473
Summary exposure value,Uruguay,Both,Age-standardized,High fasting plasma glucose,Rate,2009,9.74763296450394,11.151154722609261,7.29830720406339
Summary exposure value,Paraguay,Both,Age-standardized,High fasting plasma glucose,Rate,2005,11.97642670097043,14.069340941356609,9.13538606769302
Summary exposure value,Chile,Both,Age-standardized,High fasting plasma glucose,Rate,2015,14.90821208878074,16.99320485538468,11.19060734197473
Summary exposure value,Colombia,Both,Age-standardized,High fasting plasma glucose,Rate,2012,11.80888358497609,13.26344290616419,9.018872240790369
Summary exposure value,Brazil,Both,Age-standardized,High fasting plasma glucose,Rate,2004,14.73946174262065,16.78727202622132,11.247386037781371
Summary exposure value,Suriname,Both,Age-standardized,High fasting plasma glucose,Rate,2021,28.38501690779522,32.30776514766613,21.60503553176139
Summary exposure value,Peru,Both,Age-standardized,High fasting plasma glucose,Rate,2002,6.36319087128774,7.58131893748016,4.95513178488691
Summary exposure value,Suriname,Both,Age-standardized,High fasting plasma glucose,Rate,2017,27.503957128099398,31.25429283593214,20.801512684175872
Summary exposure value,Venezuela (Bolivarian Republic of),Both,Age-standardized,High fasting plasma glucose,Rate,2012,14.18980315387377,15.982528794396849,10.95815714499792
Summary exposure value,Ecuador,Both,Age-standardized,High fasting plasma glucose,Rate,2012,14.63974731027843,16.53504900603725,11.4013465444059
Summary exposure value,Guyana,Both,Age-standardized,High fasting plasma glucose,Rate,2010,24.97490178749234,27.7148056757328,19.38195627453814
Summary exposure value,Ecuador,Both,Age-standardized,High fasting plasma glucose,Rate,2019,16.45227375368841,18.618815311622168,12.6939039482003
Summary exposure value,Argentina,Both,Age-standardized,High fasting plasma glucose,Rate,2020,14.97788676339617,17.23760976345412,11.401307878730089
Summary exposure value,Ecuador,Both,Age-standardized,High fasting plasma glucose,Rate,2021,16.98762472846241,19.40752994541019,13.062103431678851
Summary exposure value,Ecuador,Both,Age-standardized,High fasting plasma glucose,Rate,2017,15.97431465406559,18.06227040943396,12.332742402717379
Summary exposure value,Brazil,Both,Age-standardized,High fasting plasma glucose,Rate,2002,14.31607451564815,16.31426656052335,10.94236729716629
Summary exposure value,Peru,Both,Age-standardized,High fasting plasma glucose,Rate,2005,6.784906325832541,7.9590980931611,5.35762483205159
Summary exposure value,Bolivia (Plurinational State of),Both,Age-standardized,High fasting plasma glucose,Rate,2010,11.81560342698305,13.58791025099558,8.793053904824639
Summary exposure value,Peru,Both,Age-standardized,High fasting plasma glucose,Rate,2009,7.38827497412544,8.68914499180879,5.72228352870328
Summary exposure value,Colombia,Both,Age-standardized,High fasting plasma glucose,Rate,2010,11.65756721856718,13.03843868037536,8.92310389586454
Summary exposure value,Suriname,Both,Age-standardized,High fasting plasma glucose,Rate,2015,26.859869704900103,30.606000731629017,20.239661360645588
Summary exposure value,Peru,Both,Age-standardized,High fasting plasma glucose,Rate,2011,7.70535292432612,8.93816346343107,5.87657522700484
Summary exposure value,Venezuela (Bolivarian Republic of),Both,Age-standardized,High fasting plasma glucose,Rate,2010,13.68780882273393,15.42379716726623,10.47585231919696
Summary exposure value,Argentina,Both,Age-standardized,High fasting plasma glucose,Rate,2018,14.5272155073121,16.59693423341767,10.97559485637068
Summary exposure value,Chile,Both,Age-standardized,High fasting plasma glucose,Rate,2020,15.624352824489751,18.0409467261292,11.72725151898594
Summary exposure value,Brazil,Both,Age-standardized,High fasting plasma glucose,Rate,2009,16.016266986050027,18.11304992210958,12.10941010285341
Summary exposure value,Chile,Both,Age-standardized,High fasting plasma glucose,Rate,2018,15.194391212646721,17.48199181489031,11.28607570329304
Summary exposure value,Guyana,Both,Age-standardized,High fasting plasma glucose,Rate,2011,25.202938592837494,28.173876574141886,19.46442950621756
Summary exposure value,Ecuador,Both,Age-standardized,High fasting plasma glucose,Rate,2015,15.397506137566861,17.39198350222087,11.971309079799939
Summary exposure value,Bolivia (Plurinational State of),Both,Age-standardized,High fasting plasma glucose,Rate,2011,12.04202167153772,13.86117103450833,8.91834553287573
Summary exposure value,Colombia,Both,Age-standardized,High fasting plasma glucose,Rate,2011,11.720725535283071,13.116908873111571,9.00176734894345
Summary exposure value,Suriname,Both,Age-standardized,High fasting plasma glucose,Rate,2020,28.163507918438402,31.98923523529865,21.30980754050946
Summary exposure value,Guyana,Both,Age-standardized,High fasting plasma glucose,Rate,2013,25.695973910942932,28.98140183636484,19.94279287695398
Summary exposure value,Uruguay,Both,Age-standardized,High fasting plasma glucose,Rate,2014,10.791652640323859,12.2630865493947,8.0859593582325
Summary exposure value,Venezuela (Bolivarian Republic of),Both,Age-standardized,High fasting plasma glucose,Rate,2011,13.91196252771831,15.706277185232901,10.74540687754815
Summary exposure value,Bolivia (Plurinational State of),Both,Age-standardized,High fasting plasma glucose,Rate,2013,12.392924110462861,14.24855471608541,9.2177076263547
Summary exposure value,Ecuador,Both,Age-standardized,High fasting plasma glucose,Rate,2020,16.74463197042751,19.072659595691217,12.969643222415032
Summary exposure value,Colombia,Both,Age-standardized,High fasting plasma glucose,Rate,2013,11.91459629000842,13.326445260727821,9.1224982900487
Summary exposure value,Brazil,Both,Age-standardized,High fasting plasma glucose,Rate,2011,16.66955024113517,19.04478622494526,12.54002405116285
Summary exposure value,Paraguay,Both,Age-standardized,High fasting plasma glucose,Rate,2008,12.4894485209729,14.577613475692699,9.48442509294628
Summary exposure value,Paraguay,Both,Age-standardized,High fasting plasma glucose,Rate,2010,12.96246768319731,15.12967798839333,9.82088047798314
Summary exposure value,Guyana,Both,Age-standardized,High fasting plasma glucose,Rate,2015,26.278045542541513,29.14140753072375,20.17808241800284
Summary exposure value,Venezuela (Bolivarian Republic of),Both,Age-standardized,High fasting plasma glucose,Rate,2013,14.47493504013603,16.2755621738233,11.10560478700457
Summary exposure value,Peru,Both,Age-standardized,High fasting plasma glucose,Rate,2014,8.16212543823735,9.519415000709081,6.1997176062045005
Summary exposure value,Bolivia (Plurinational State of),Both,Age-standardized,High fasting plasma glucose,Rate,2015,12.58214092714017,14.526821513318081,9.47739056815455
Summary exposure value,Colombia,Both,Age-standardized,High fasting plasma glucose,Rate,2015,12.14548810605166,13.72106189359881,9.29731844588915
Summary exposure value,Paraguay,Both,Age-standardized,High fasting plasma glucose,Rate,2013,13.76401796594011,16.05860076696963,10.50523628928467
Summary exposure value,Brazil,Both,Age-standardized,High fasting plasma glucose,Rate,2014,17.5780641573209,20.07898684518586,13.16846051409382
Summary exposure value,Venezuela (Bolivarian Republic of),Both,Age-standardized,High fasting plasma glucose,Rate,2015,14.88357083507274,16.8000949266894,11.46006214810137
Summary exposure value,Paraguay,Both,Age-standardized,High fasting plasma glucose,Rate,2015,14.35948976468997,16.60170728393884,10.835153347681251
Summary exposure value,Guyana,Both,Age-standardized,High fasting plasma glucose,Rate,2018,27.177416691911922,30.32108004734174,21.15019371024102
Summary exposure value,Bolivia (Plurinational State of),Both,Age-standardized,High fasting plasma glucose,Rate,2018,13.344362346943589,15.36085616355605,10.064184957495979
Summary exposure value,Colombia,Both,Age-standardized,High fasting plasma glucose,Rate,2018,12.97861945843613,14.549697885328419,9.892117154881221
Summary exposure value,Uruguay,Both,Age-standardized,High fasting plasma glucose,Rate,2010,9.94906142609447,11.37669291338165,7.52392016264862
Summary exposure value,Guyana,Both,Age-standardized,High fasting plasma glucose,Rate,2016,26.605539435648218,29.73568382181354,20.50115171815112
Summary exposure value,Uruguay,Both,Age-standardized,High fasting plasma glucose,Rate,2008,9.575136981970891,10.97381288464941,7.247580636988681
Summary exposure value,Venezuela (Bolivarian Republic of),Both,Age-standardized,High fasting plasma glucose,Rate,2018,15.254795149661572,17.22953687641607,11.57419159944304
Summary exposure value,Uruguay,Both,Age-standardized,High fasting plasma glucose,Rate,2017,11.42326564168584,13.0877767215104,8.60490394092011
Summary exposure value,Bolivia (Plurinational State of),Both,Age-standardized,High fasting plasma glucose,Rate,2016,12.96093194924354,14.88603408974922,9.69331008241447
Summary exposure value,Peru,Both,Age-standardized,High fasting plasma glucose,Rate,2010,7.559465376259671,8.90453470801596,5.81182752819124
Summary exposure value,Colombia,Both,Age-standardized,High fasting plasma glucose,Rate,2016,12.36331399948853,13.95494284863753,9.41613978879462
Summary exposure value,Peru,Both,Age-standardized,High fasting plasma glucose,Rate,2017,8.67703563831524,10.13310944868946,6.62783699737525
Summary exposure value,Venezuela (Bolivarian Republic of),Both,Age-standardized,High fasting plasma glucose,Rate,2016,15.048914177168479,16.96846982899881,11.474669126910051
Summary exposure value,Uruguay,Both,Age-standardized,High fasting plasma glucose,Rate,2012,10.355260649110122,11.82315307485466,7.91287786070899
Summary exposure value,Paraguay,Both,Age-standardized,High fasting plasma glucose,Rate,2011,13.20446009450518,15.381406567194992,10.0991201202815
Summary exposure value,Brazil,Both,Age-standardized,High fasting plasma glucose,Rate,2010,16.34088798755523,18.76484291821557,12.29388507170677
Summary exposure value,Brazil,Both,Age-standardized,High fasting plasma glucose,Rate,2017,18.39190430281425,21.05173730225644,13.734138970340409
Summary exposure value,Uruguay,Both,Age-standardized,High fasting plasma glucose,Rate,2015,11.003946380113799,12.49947298981888,8.34957578983774
Summary exposure value,Guyana,Both,Age-standardized,High fasting plasma glucose,Rate,2021,28.31690760472128,31.6122296848533,22.00780870701967
Summary exposure value,Paraguay,Both,Age-standardized,High fasting plasma glucose,Rate,2018,15.16569328411523,17.36251526258996,11.50168226462244
Summary exposure value,Peru,Both,Age-standardized,High fasting plasma glucose,Rate,2019,9.03893612080674,10.58316816877439,6.93498188101394
Summary exposure value,Bolivia (Plurinational State of),Both,Age-standardized,High fasting plasma glucose,Rate,2021,13.853472775926809,15.87350180085603,10.4608793171449
Summary exposure value,Colombia,Both,Age-standardized,High fasting plasma glucose,Rate,2021,13.84897387033196,15.62056254178458,10.4490650668675
Summary exposure value,Paraguay,Both,Age-standardized,High fasting plasma glucose,Rate,2014,14.07945787849689,16.41947164473167,10.55073919562347
Summary exposure value,Peru,Both,Age-standardized,High fasting plasma glucose,Rate,2015,8.31526009606438,9.72016387712073,6.291696293933061
Summary exposure value,Brazil,Both,Age-standardized,High fasting plasma glucose,Rate,2015,17.84292337665045,20.528318156472743,13.33882921529278
Summary exposure value,Venezuela (Bolivarian Republic of),Both,Age-standardized,High fasting plasma glucose,Rate,2021,15.62616591390399,17.59303936699871,11.896526324032621
Summary exposure value,Brazil,Both,Age-standardized,High fasting plasma glucose,Rate,2019,18.8132354051533,21.443716562616093,14.078984288553459
Summary exposure value,Paraguay,Both,Age-standardized,High fasting plasma glucose,Rate,2016,14.62179444216872,16.8485640185459,11.054226349431751
Summary exposure value,Peru,Both,Age-standardized,High fasting plasma glucose,Rate,2012,7.85550585270763,9.12642196322617,5.9647368481321195
Summary exposure value,Uruguay,Both,Age-standardized,High fasting plasma glucose,Rate,2013,10.58235775292351,12.037027456373501,8.01696668591585
Summary exposure value,Brazil,Both,Age-standardized,High fasting plasma glucose,Rate,2012,17.00599162931737,19.44204184677091,12.727452978395009
Summary exposure value,Uruguay,Both,Age-standardized,High fasting plasma glucose,Rate,2018,11.63729923480997,13.15337267766464,8.72577825178281
Summary exposure value,Paraguay,Both,Age-standardized,High fasting plasma glucose,Rate,2021,16.26315051427005,18.79747468324161,12.56649062957102
Summary exposure value,Peru,Both,Age-standardized,High fasting plasma glucose,Rate,2013,8.01302074571633,9.41567743762545,6.02267531136976
Summary exposure value,Guyana,Both,Age-standardized,High fasting plasma glucose,Rate,2014,25.95810313174491,29.174944268322538,19.974145741542028
Summary exposure value,Guyana,Both,Age-standardized,High fasting plasma glucose,Rate,2019,27.41315469478719,30.77034687229803,21.33535106954219
Summary exposure value,Brazil,Both,Age-standardized,High fasting plasma glucose,Rate,2013,17.30226952797026,19.79834317074418,12.895900696113499
Summary exposure value,Bolivia (Plurinational State of),Both,Age-standardized,High fasting plasma glucose,Rate,2019,13.507071638025838,15.48976118890927,10.17719288100319
Summary exposure value,Peru,Both,Age-standardized,High fasting plasma glucose,Rate,2018,8.870250034970189,10.347868394231199,6.815901275902619
Summary exposure value,Colombia,Both,Age-standardized,High fasting plasma glucose,Rate,2019,13.25294688784337,14.83591695689249,10.06512650016593
Summary exposure value,Bolivia (Plurinational State of),Both,Age-standardized,High fasting plasma glucose,Rate,2014,12.37492443413511,14.16834156438819,9.30427961655064
Summary exposure value,Colombia,Both,Age-standardized,High fasting plasma glucose,Rate,2014,12.02315898631182,13.4350033417965,9.22254657695109
Summary exposure value,Guyana,Both,Age-standardized,High fasting plasma glucose,Rate,2020,27.8340480041671,31.22445813336604,21.471724049917253
Summary exposure value,Venezuela (Bolivarian Republic of),Both,Age-standardized,High fasting plasma glucose,Rate,2019,15.30543985356892,17.29670725871239,11.51507769091152
Summary exposure value,Uruguay,Both,Age-standardized,High fasting plasma glucose,Rate,2020,12.11343467715694,13.79335130691531,9.32039422272854
Summary exposure value,Brazil,Both,Age-standardized,High fasting plasma glucose,Rate,2018,18.66819445875994,21.34677195349575,13.972140152613468
Summary exposure value,Peru,Both,Age-standardized,High fasting plasma glucose,Rate,2020,9.17449815698996,10.72962060471396,7.0306334639666
Summary exposure value,Venezuela (Bolivarian Republic of),Both,Age-standardized,High fasting plasma glucose,Rate,2014,14.686996454067849,16.540002678068948,11.35274592132815
Summary exposure value,Paraguay,Both,Age-standardized,High fasting plasma glucose,Rate,2019,15.393519854569751,17.6829363350366,11.67347155301227
Summary exposure value,Guyana,Both,Age-standardized,High fasting plasma glucose,Rate,2017,26.88341829074574,29.823162030297368,20.755133937486132
Summary exposure value,Bolivia (Plurinational State of),Both,Age-standardized,High fasting plasma glucose,Rate,2017,13.14912474074871,15.04327638739448,9.92019988208844
Summary exposure value,Colombia,Both,Age-standardized,High fasting plasma glucose,Rate,2017,12.66186503090219,14.22993319704132,9.63997433731307
Summary exposure value,Bolivia (Plurinational State of),Both,Age-standardized,High fasting plasma glucose,Rate,2020,13.683005626465869,15.67520375400551,10.32555788281331
Summary exposure value,Colombia,Both,Age-standardized,High fasting plasma glucose,Rate,2020,13.55460060781526,15.11274471345924,10.31792218754245
Summary exposure value,Venezuela (Bolivarian Republic of),Both,Age-standardized,High fasting plasma glucose,Rate,2017,15.176931191968679,17.21559545782133,11.484922279244
Summary exposure value,Venezuela (Bolivarian Republic of),Both,Age-standardized,High fasting plasma glucose,Rate,2020,15.45978600730911,17.46704663007475,11.80167099448415
Summary exposure value,Uruguay,Both,Age-standardized,High fasting plasma glucose,Rate,2016,11.21485863809299,12.77618603210146,8.45741669736822
Summary exposure value,Brazil,Both,Age-standardized,High fasting plasma glucose,Rate,2020,18.6394856351439,21.42900375932588,14.03350991338802
Summary exposure value,Peru,Both,Age-standardized,High fasting plasma glucose,Rate,2016,8.494938153312729,9.94555907794796,6.51564469168194
Summary exposure value,Uruguay,Both,Age-standardized,High fasting plasma glucose,Rate,2019,11.85040178077108,13.42655504984758,8.85885885356185
Summary exposure value,Brazil,Both,Age-standardized,High fasting plasma glucose,Rate,2016,18.104330600346312,20.78079824006787,13.552323524256241
Summary exposure value,Paraguay,Both,Age-standardized,High fasting plasma glucose,Rate,2017,14.89367978047168,17.2758450690338,11.39003797513495
Summary exposure value,Paraguay,Both,Age-standardized,High fasting plasma glucose,Rate,2020,15.59559896539777,18.06285981266974,11.95400609017185
Summary exposure value,Uruguay,Both,Age-standardized,High fasting plasma glucose,Rate,2021,12.313001228092329,13.957965572965838,9.112028641210621
Summary exposure value,Peru,Both,Age-standardized,High fasting plasma glucose,Rate,2021,9.347663821904199,10.88053682495367,7.103976865343251
Summary exposure value,Brazil,Both,Age-standardized,High fasting plasma glucose,Rate,2021,18.753975268714708,21.51378783506967,14.17757978071606
